model,loss,accuracy,f1_score
audio,cross_entropy,0.7020226936359152,0.6958107840285392
text,cross_entropy,0.7133695115934879,0.7101679630359472
multimodal,cross_entropy,0.6985693142575234,0.6956719161660927
multimodal,cross_entropy + contra,0.7311297483966452,0.72593616649359
